11,RONDONIA,2,LESTE RONDONIENSE,6,CACOAL
11,RONDONIA,2,LESTE RONDONIENSE,3,ARIQUEMES
11,RONDONIA,2,LESTE RONDONIENSE,5,ALVORADA D'OESTE
11,RONDONIA,1,MADEIRA-GUAPORE,1,PORTO VELHO
11,RONDONIA,2,LESTE RONDONIENSE,8,COLORADO DO OESTE
11,RONDONIA,2,LESTE RONDONIENSE,7,VILHENA
11,RONDONIA,1,MADEIRA-GUAPORE,2,GUAJARA-MIRIM
11,RONDONIA,2,LESTE RONDONIENSE,4,JI-PARANA
12,ACRE,2,VALE DO ACRE,4,RIO BRANCO
12,ACRE,2,VALE DO ACRE,5,BRASILEIA
12,ACRE,1,VALE DO JURUA,1,CRUZEIRO DO SUL
12,ACRE,1,VALE DO JURUA,2,TARAUACA
12,ACRE,2,VALE DO ACRE,3,SENA MADUREIRA
13,AMAZONAS,3,CENTRO AMAZONENSE,5,TEFE
13,AMAZONAS,2,SUDOESTE AMAZONENSE,3,ALTO SOLIMOES
13,AMAZONAS,3,CENTRO AMAZONENSE,6,COARI
13,AMAZONAS,4,SUL AMAZONENSE,13,MADEIRA
13,AMAZONAS,3,CENTRO AMAZONENSE,7,MANAUS
13,AMAZONAS,1,NORTE AMAZONENSE,1,RIO NEGRO
13,AMAZONAS,3,CENTRO AMAZONENSE,10,PARINTINS
13,AMAZONAS,4,SUL AMAZONENSE,11,BOCA DO ACRE
13,AMAZONAS,4,SUL AMAZONENSE,12,PURUS
13,AMAZONAS,2,SUDOESTE AMAZONENSE,4,JURUA
13,AMAZONAS,3,CENTRO AMAZONENSE,9,ITACOATIARA
13,AMAZONAS,1,NORTE AMAZONENSE,2,JAPURA
13,AMAZONAS,3,CENTRO AMAZONENSE,8,RIO PRETO DA EVA
14,RORAIMA,1,NORTE DE RORAIMA,1,BOA VISTA
14,RORAIMA,1,NORTE DE RORAIMA,2,NORDESTE DE RORAIMA
14,RORAIMA,2,SUL DE RORAIMA,3,CARACARAI
14,RORAIMA,2,SUL DE RORAIMA,4,SUDESTE DE RORAIMA
15,PARA,4,NORDESTE PARAENSE,11,CAMETA
15,PARA,6,SUDESTE PARAENSE,17,PARAGOMINAS
15,PARA,4,NORDESTE PARAENSE,12,TOME-ACU
15,PARA,2,MARAJO,5,FUROS DE BREVES
15,PARA,6,SUDESTE PARAENSE,19,PARAUAPEBAS
15,PARA,1,BAIXO AMAZONAS,2,SANTAREM
15,PARA,1,BAIXO AMAZONAS,3,ALMEIRIM
15,PARA,5,SUDOESTE PARAENSE,15,ALTAMIRA
15,PARA,3,METROPOLITANA DE BELEM,7,BELEM
15,PARA,4,NORDESTE PARAENSE,10,BRAGANTINA
15,PARA,4,NORDESTE PARAENSE,13,GUAMA
15,PARA,5,SUDOESTE PARAENSE,14,ITAITUBA
15,PARA,2,MARAJO,4,PORTEL
15,PARA,6,SUDESTE PARAENSE,18,SAO FELIX DO XINGU
15,PARA,6,SUDESTE PARAENSE,20,MARABA
15,PARA,6,SUDESTE PARAENSE,16,TUCURUI
15,PARA,3,METROPOLITANA DE BELEM,8,CASTANHAL
15,PARA,2,MARAJO,6,ARARI
15,PARA,4,NORDESTE PARAENSE,9,SALGADO
15,PARA,6,SUDESTE PARAENSE,22,CONCEICAO DO ARAGUAIA
15,PARA,1,BAIXO AMAZONAS,1,OBIDOS
15,PARA,6,SUDESTE PARAENSE,21,REDENCAO
16,AMAPA,1,NORTE DO AMAPA,2,AMAPA
16,AMAPA,1,NORTE DO AMAPA,1,OIAPOQUE
16,AMAPA,2,SUL DO AMAPA,3,MACAPA
16,AMAPA,2,SUL DO AMAPA,4,MAZAGAO
17,TOCANTINS,1,OCIDENTAL DO TOCANTINS,3,MIRACEMA DO TOCANTINS
17,TOCANTINS,1,OCIDENTAL DO TOCANTINS,1,BICO DO PAPAGAIO
17,TOCANTINS,1,OCIDENTAL DO TOCANTINS,5,GURUPI
17,TOCANTINS,2,ORIENTAL DO TOCANTINS,8,DIANOPOLIS
17,TOCANTINS,2,ORIENTAL DO TOCANTINS,6,PORTO NACIONAL
17,TOCANTINS,1,OCIDENTAL DO TOCANTINS,2,ARAGUAINA
17,TOCANTINS,1,OCIDENTAL DO TOCANTINS,4,RIO FORMOSO
17,TOCANTINS,2,ORIENTAL DO TOCANTINS,7,JALAPAO
21,MARANHAO,2,OESTE MARANHENSE,9,IMPERATRIZ
21,MARANHAO,4,LESTE MARANHENSE,16,COELHO NETO
21,MARANHAO,4,LESTE MARANHENSE,13,BAIXO PARNAIBA MARANHENSE
21,MARANHAO,1,NORTE MARANHENSE,1,LITORAL OCIDENTAL MARANHENSE
21,MARANHAO,2,OESTE MARANHENSE,8,PINDARE
21,MARANHAO,4,LESTE MARANHENSE,15,CODO
21,MARANHAO,5,SUL MARANHENSE,20,GERAIS DE BALSAS
21,MARANHAO,2,OESTE MARANHENSE,7,GURUPI
21,MARANHAO,1,NORTE MARANHENSE,5,BAIXADA MARANHENSE
21,MARANHAO,4,LESTE MARANHENSE,14,CHAPADINHA
21,MARANHAO,3,CENTRO MARANHENSE,11,ALTO MEARIM E GRAJAU
21,MARANHAO,1,NORTE MARANHENSE,3,ROSARIO
21,MARANHAO,3,CENTRO MARANHENSE,10,MEDIO MEARIM
21,MARANHAO,4,LESTE MARANHENSE,18,CHAPADAS DO ALTO ITAPECURU
21,MARANHAO,1,NORTE MARANHENSE,4,LENCOIS MARANHENSES
21,MARANHAO,5,SUL MARANHENSE,21,CHAPADAS DAS MANGABEIRAS
21,MARANHAO,4,LESTE MARANHENSE,17,CAXIAS
21,MARANHAO,5,SUL MARANHENSE,19,PORTO FRANCO
21,MARANHAO,1,NORTE MARANHENSE,6,ITAPECURU MIRIM
21,MARANHAO,3,CENTRO MARANHENSE,12,PRESIDENTE DUTRA
21,MARANHAO,1,NORTE MARANHENSE,2,AGLOMERACAO URBANA DE SAO LUIS
22,PIAUI,4,SUDESTE PIAUIENSE,15,ALTO MEDIO CANINDE
22,PIAUI,2,CENTRO-NORTE PIAUIENSE,5,MEDIO PARNAIBA PIAUIENSE
22,PIAUI,4,SUDESTE PIAUIENSE,14,PIO IX
22,PIAUI,2,CENTRO-NORTE PIAUIENSE,4,CAMPO MAIOR
22,PIAUI,2,CENTRO-NORTE PIAUIENSE,3,TERESINA
22,PIAUI,3,SUDOESTE PIAUIENSE,10,ALTO MEDIO GURGUEIA
22,PIAUI,3,SUDOESTE PIAUIENSE,11,SAO RAIMUNDO NONATO
22,PIAUI,3,SUDOESTE PIAUIENSE,8,BERTOLINIA
22,PIAUI,2,CENTRO-NORTE PIAUIENSE,6,VALENCA DO PIAUI
22,PIAUI,4,SUDESTE PIAUIENSE,13,PICOS
22,PIAUI,3,SUDOESTE PIAUIENSE,12,CHAPADAS DO EXTREMO SUL PIAUIENSE
22,PIAUI,3,SUDOESTE PIAUIENSE,7,ALTO PARNAIBA PIAUIENSE
22,PIAUI,1,NORTE PIAUIENSE,1,BAIXO PARNAIBA PIAUIENSE
22,PIAUI,1,NORTE PIAUIENSE,2,LITORAL PIAUIENSE
22,PIAUI,3,SUDOESTE PIAUIENSE,9,FLORIANO
23,CEARA,7,SUL CEARENSE,33,BREJO SANTO
23,CEARA,2,NORTE CEARENSE,13,BATURITE
23,CEARA,1,NOROESTE CEARENSE,1,LITORAL DE CAMOCIM E ACARAU
23,CEARA,4,SERTOES CEARENSES,21,SERTAO DE SENADOR POMPEU
23,CEARA,4,SERTOES CEARENSES,20,SERTAO DE INHAMUNS
23,CEARA,1,NOROESTE CEARENSE,4,MERUOCA
23,CEARA,7,SUL CEARENSE,30,CARIRIACU
23,CEARA,5,JAGUARIBE,23,BAIXO JAGUARIBE
23,CEARA,2,NORTE CEARENSE,8,ITAPIPOCA
23,CEARA,6,CENTRO-SUL CEARENSE,27,VARZEA ALEGRE
23,CEARA,2,NORTE CEARENSE,11,MEDIO CURU
23,CEARA,3,METROPOLITANA DE FORTALEZA,16,FORTALEZA
23,CEARA,5,JAGUARIBE,22,LITORAL DE ARACATI
23,CEARA,4,SERTOES CEARENSES,18,SERTAO DE CRATEUS
23,CEARA,7,SUL CEARENSE,29,CHAPADA DO ARARIPE
23,CEARA,7,SUL CEARENSE,31,BARRO
23,CEARA,6,CENTRO-SUL CEARENSE,28,LAVRAS DA MANGABEIRA
23,CEARA,4,SERTOES CEARENSES,19,SERTAO DE QUIXERAMOBIM
23,CEARA,7,SUL CEARENSE,32,CARIRI
23,CEARA,2,NORTE CEARENSE,14,CHOROZINHO
23,CEARA,2,NORTE CEARENSE,15,CASCAVEL
23,CEARA,2,NORTE CEARENSE,12,CANINDE
23,CEARA,1,NOROESTE CEARENSE,5,SOBRAL
23,CEARA,1,NOROESTE CEARENSE,2,IBIAPABA
23,CEARA,1,NOROESTE CEARENSE,7,SANTA QUITERIA
23,CEARA,6,CENTRO-SUL CEARENSE,26,IGUATU
23,CEARA,1,NOROESTE CEARENSE,3,COREAU
23,CEARA,5,JAGUARIBE,25,SERRA DO PEREIRO
23,CEARA,3,METROPOLITANA DE FORTALEZA,17,PACAJUS
23,CEARA,1,NOROESTE CEARENSE,6,IPU
23,CEARA,2,NORTE CEARENSE,10,URUBURETAMA
23,CEARA,5,JAGUARIBE,24,MEDIO JAGUARIBE
23,CEARA,2,NORTE CEARENSE,9,BAIXO CURU
24,RIO GRANDE DO NORTE,2,CENTRAL POTIGUAR,12,SERIDO ORIENTAL
24,RIO GRANDE DO NORTE,1,OESTE POTIGUAR,4,VALE DO ACU
24,RIO GRANDE DO NORTE,2,CENTRAL POTIGUAR,9,ANGICOS
24,RIO GRANDE DO NORTE,1,OESTE POTIGUAR,5,SERRA DE SAO MIGUEL
24,RIO GRANDE DO NORTE,1,OESTE POTIGUAR,6,PAU DOS FERROS
24,RIO GRANDE DO NORTE,1,OESTE POTIGUAR,7,UMARIZAL
24,RIO GRANDE DO NORTE,1,OESTE POTIGUAR,2,CHAPADA DO APODI
24,RIO GRANDE DO NORTE,1,OESTE POTIGUAR,1,MOSSORO
24,RIO GRANDE DO NORTE,4,LESTE POTIGUAR,19,LITORAL SUL
24,RIO GRANDE DO NORTE,3,AGRESTE POTIGUAR,14,BORBOREMA POTIGUAR
24,RIO GRANDE DO NORTE,3,AGRESTE POTIGUAR,13,BAIXA VERDE
24,RIO GRANDE DO NORTE,2,CENTRAL POTIGUAR,10,SERRA DE SANTANA
24,RIO GRANDE DO NORTE,3,AGRESTE POTIGUAR,15,AGRESTE POTIGUAR
24,RIO GRANDE DO NORTE,2,CENTRAL POTIGUAR,8,MACAU
24,RIO GRANDE DO NORTE,2,CENTRAL POTIGUAR,11,SERIDO OCIDENTAL
24,RIO GRANDE DO NORTE,1,OESTE POTIGUAR,3,MEDIO OESTE
24,RIO GRANDE DO NORTE,4,LESTE POTIGUAR,17,MACAIBA
24,RIO GRANDE DO NORTE,4,LESTE POTIGUAR,18,NATAL
24,RIO GRANDE DO NORTE,4,LESTE POTIGUAR,16,LITORAL NORDESTE
25,PARAIBA,1,SERTAO PARAIBANO,7,SERRA DO TEIXEIRA
25,PARAIBA,1,SERTAO PARAIBANO,5,PIANCO
25,PARAIBA,3,AGRESTE PARAIBANO,15,BREJO PARAIBANO
25,PARAIBA,3,AGRESTE PARAIBANO,16,GUARABIRA
25,PARAIBA,2,BORBOREMA,11,CARIRI ORIENTAL
25,PARAIBA,3,AGRESTE PARAIBANO,12,CURIMATAU OCIDENTAL
25,PARAIBA,4,MATA PARAIBANA,23,LITORAL SUL
25,PARAIBA,2,BORBOREMA,10,CARIRI OCIDENTAL
25,PARAIBA,1,SERTAO PARAIBANO,3,SOUSA
25,PARAIBA,3,AGRESTE PARAIBANO,13,CURIMATAU ORIENTAL
25,PARAIBA,1,SERTAO PARAIBANO,4,PATOS
25,PARAIBA,3,AGRESTE PARAIBANO,14,ESPERANCA
25,PARAIBA,3,AGRESTE PARAIBANO,19,UMBUZEIRO
25,PARAIBA,4,MATA PARAIBANA,20,LITORAL NORTE
25,PARAIBA,2,BORBOREMA,9,SERIDO ORIENTAL PARAIBANO
25,PARAIBA,4,MATA PARAIBANA,22,JOAO PESSOA
25,PARAIBA,1,SERTAO PARAIBANO,1,CATOLE DO ROCHA
25,PARAIBA,1,SERTAO PARAIBANO,2,CAJAZEIRAS
25,PARAIBA,1,SERTAO PARAIBANO,6,ITAPORANGA
25,PARAIBA,3,AGRESTE PARAIBANO,17,CAMPINA GRANDE
25,PARAIBA,3,AGRESTE PARAIBANO,18,ITABAIANA
25,PARAIBA,4,MATA PARAIBANA,21,SAPE
25,PARAIBA,2,BORBOREMA,8,SERIDO OCIDENTAL PARAIBANO
26,PERNAMBUCO,5,METROPOLITANA DE RECIFE,17,RECIFE
26,PERNAMBUCO,1,SERTAO PERNAMBUCANO,3,PAJEU
26,PERNAMBUCO,2,SAO FRANCISCO PERNAMBUCANO,5,PETROLINA
26,PERNAMBUCO,3,AGRESTE PERNAMBUCANO,12,BREJO PERNAMBUCANO
26,PERNAMBUCO,4,MATA PERNAMBUCANA,15,MATA MERIDIONAL PERNAMBUCANA
26,PERNAMBUCO,3,AGRESTE PERNAMBUCANO,7,VALE DO IPANEMA
26,PERNAMBUCO,3,AGRESTE PERNAMBUCANO,8,VALE DO IPOJUCA
26,PERNAMBUCO,4,MATA PERNAMBUCANA,13,MATA SETENTRIONAL PERNAMBUCANA
26,PERNAMBUCO,3,AGRESTE PERNAMBUCANO,11,GARANHUNS
26,PERNAMBUCO,5,METROPOLITANA DE RECIFE,16,ITAMARACA
26,PERNAMBUCO,1,SERTAO PERNAMBUCANO,1,ARARIPINA
26,PERNAMBUCO,1,SERTAO PERNAMBUCANO,4,SERTAO DO MOXOTO
26,PERNAMBUCO,2,SAO FRANCISCO PERNAMBUCANO,6,ITAPARICA
26,PERNAMBUCO,3,AGRESTE PERNAMBUCANO,10,MEDIO CAPIBARIBE
26,PERNAMBUCO,5,METROPOLITANA DE RECIFE,18,SUAPE
26,PERNAMBUCO,3,AGRESTE PERNAMBUCANO,9,ALTO CAPIBARIBE
26,PERNAMBUCO,1,SERTAO PERNAMBUCANO,2,SALGUEIRO
26,PERNAMBUCO,4,MATA PERNAMBUCANA,14,VITORIA DE SANTO ANTAO
26,PERNAMBUCO,5,METROPOLITANA DE RECIFE,19,FERNANDO DE NORONHA
27,ALAGOAS,1,SERTAO ALAGOANO,1,SERRANA DO SERTAO ALAGOANO
27,ALAGOAS,3,LESTE ALAGOANO,12,SAO MIGUEL DOS CAMPOS
27,ALAGOAS,2,AGRESTE ALAGOANO,6,ARAPIRACA
27,ALAGOAS,3,LESTE ALAGOANO,9,MATA ALAGOANA
27,ALAGOAS,3,LESTE ALAGOANO,11,MACEIO
27,ALAGOAS,1,SERTAO ALAGOANO,4,BATALHA
27,ALAGOAS,2,AGRESTE ALAGOANO,5,PALMEIRA DOS INDIOS
27,ALAGOAS,1,SERTAO ALAGOANO,3,SANTANA DO IPANEMA
27,ALAGOAS,3,LESTE ALAGOANO,8,SERRANA DOS QUILOMBOS
27,ALAGOAS,1,SERTAO ALAGOANO,2,ALAGOANA DO SERTAO DO SAO FRANCISCO
27,ALAGOAS,3,LESTE ALAGOANO,13,PENEDO
27,ALAGOAS,3,LESTE ALAGOANO,10,LITORAL NORTE ALAGOANO
27,ALAGOAS,2,AGRESTE ALAGOANO,7,TRAIPU
28,SERGIPE,3,LESTE SERGIPANO,7,PROPRIA
28,SERGIPE,2,AGRESTE SERGIPANO,3,NOSSA SENHORA DAS DORES
28,SERGIPE,3,LESTE SERGIPANO,11,ARACAJU
28,SERGIPE,3,LESTE SERGIPANO,12,BOQUIM
28,SERGIPE,2,AGRESTE SERGIPANO,4,AGRESTE DE ITABAIANA
28,SERGIPE,1,SERTAO SERGIPANO,1,SERGIPANA DO SERTAO DO SAO FRANCISCO
28,SERGIPE,3,LESTE SERGIPANO,8,COTINGUIBA
28,SERGIPE,1,SERTAO SERGIPANO,2,CARIRA
28,SERGIPE,3,LESTE SERGIPANO,10,BAIXO COTINGUIBA
28,SERGIPE,3,LESTE SERGIPANO,13,ESTANCIA
28,SERGIPE,3,LESTE SERGIPANO,9,JAPARATUBA
28,SERGIPE,2,AGRESTE SERGIPANO,6,AGRESTE DE LAGARTO
28,SERGIPE,2,AGRESTE SERGIPANO,5,TOBIAS BARRETO
29,BAHIA,6,CENTRO SUL BAIANO,23,SEABRA
29,BAHIA,2,VALE SAO-FRANCISCANO DA BAHIA,5,PAULO AFONSO
29,BAHIA,4,NORDESTE BAIANO,17,ALAGOINHAS
29,BAHIA,4,NORDESTE BAIANO,15,RIBEIRA DO POMBAL
29,BAHIA,3,CENTRO NORTE BAIANO,12,FEIRA DE SANTANA
29,BAHIA,6,CENTRO SUL BAIANO,24,JEQUIE
29,BAHIA,7,SUL BAIANO,32,PORTO SEGURO
29,BAHIA,7,SUL BAIANO,31,ILHEUS-ITABUNA
29,BAHIA,5,METROPOLITANA DE SALVADOR,19,CATU
29,BAHIA,3,CENTRO NORTE BAIANO,9,IRECE
29,BAHIA,6,CENTRO SUL BAIANO,28,VITORIA DA CONQUISTA
29,BAHIA,3,CENTRO NORTE BAIANO,8,SENHOR DO BONFIM
29,BAHIA,1,EXTREMO OESTE BAIANO,2,COTEGIPE
29,BAHIA,6,CENTRO SUL BAIANO,27,BRUMADO
29,BAHIA,4,NORDESTE BAIANO,16,SERRINHA
29,BAHIA,5,METROPOLITANA DE SALVADOR,20,SANTO ANTONIO DE JESUS
29,BAHIA,1,EXTREMO OESTE BAIANO,1,BARREIRAS
29,BAHIA,3,CENTRO NORTE BAIANO,11,ITABERABA
29,BAHIA,2,VALE SAO-FRANCISCANO DA BAHIA,6,BARRA
29,BAHIA,2,VALE SAO-FRANCISCANO DA BAHIA,7,BOM JESUS DA LAPA
29,BAHIA,6,CENTRO SUL BAIANO,22,BOQUIRA
29,BAHIA,6,CENTRO SUL BAIANO,26,GUANAMBI
29,BAHIA,3,CENTRO NORTE BAIANO,10,JACOBINA
29,BAHIA,7,SUL BAIANO,30,VALENCA
29,BAHIA,5,METROPOLITANA DE SALVADOR,21,SALVADOR
29,BAHIA,2,VALE SAO-FRANCISCANO DA BAHIA,4,JUAZEIRO
29,BAHIA,1,EXTREMO OESTE BAIANO,3,SANTA MARIA DA VITORIA
29,BAHIA,4,NORDESTE BAIANO,14,EUCLIDES DA CUNHA
29,BAHIA,4,NORDESTE BAIANO,18,ENTRE RIOS
29,BAHIA,4,NORDESTE BAIANO,13,JEREMOABO
29,BAHIA,6,CENTRO SUL BAIANO,25,LIVRAMENTO DO BRUMADO
29,BAHIA,6,CENTRO SUL BAIANO,29,ITAPETINGA
31,MINAS GERAIS,5,TRIANGULO MINEIRO/ALTO PARANAIBA,19,PATROCINIO
31,MINAS GERAIS,6,CENTRAL MINEIRA,24,TRES MARIAS
31,MINAS GERAIS,12,ZONA DA MATA,61,MANHUACU
31,MINAS GERAIS,12,ZONA DA MATA,60,PONTE NOVA
31,MINAS GERAIS,8,VALE DO RIO DOCE,39,IPATINGA
31,MINAS GERAIS,8,VALE DO RIO DOCE,36,PECANHA
31,MINAS GERAIS,5,TRIANGULO MINEIRO/ALTO PARANAIBA,22,UBERABA
31,MINAS GERAIS,9,OESTE DE MINAS,45,CAMPO BELO
31,MINAS GERAIS,4,VALE DO MUCURI,16,NANUQUE
31,MINAS GERAIS,2,NORTE DE MINAS,5,SALINAS
31,MINAS GERAIS,8,VALE DO RIO DOCE,41,AIMORES
31,MINAS GERAIS,10,SUL/SUDOESTE DE MINAS,55,ANDRELANDIA
31,MINAS GERAIS,10,SUL/SUDOESTE DE MINAS,54,SAO LOURENCO
31,MINAS GERAIS,10,SUL/SUDOESTE DE MINAS,51,POCOS DE CALDAS
31,MINAS GERAIS,12,ZONA DA MATA,66,CATAGUASES
31,MINAS GERAIS,10,SUL/SUDOESTE DE MINAS,49,ALFENAS
31,MINAS GERAIS,11,CAMPO DAS VERTENTES,59,BARBACENA
31,MINAS GERAIS,3,JEQUITINHONHA,14,ALMENARA
31,MINAS GERAIS,8,VALE DO RIO DOCE,37,GOVERNADOR VALADARES
31,MINAS GERAIS,10,SUL/SUDOESTE DE MINAS,47,PASSOS
31,MINAS GERAIS,12,ZONA DA MATA,62,VICOSA
31,MINAS GERAIS,7,METROPOLITANA DE BELO HORIZONTE,31,ITABIRA
31,MINAS GERAIS,7,METROPOLITANA DE BELO HORIZONTE,28,CONCEICAO DO MATO DENTRO
31,MINAS GERAIS,3,JEQUITINHONHA,11,CAPELINHA
31,MINAS GERAIS,12,ZONA DA MATA,63,MURIAE
31,MINAS GERAIS,7,METROPOLITANA DE BELO HORIZONTE,27,SETE LAGOAS
31,MINAS GERAIS,12,ZONA DA MATA,65,JUIZ DE FORA
31,MINAS GERAIS,3,JEQUITINHONHA,12,ARACUAI
31,MINAS GERAIS,5,TRIANGULO MINEIRO/ALTO PARANAIBA,18,UBERLANDIA
31,MINAS GERAIS,5,TRIANGULO MINEIRO/ALTO PARANAIBA,20,PATOS DE MINAS
31,MINAS GERAIS,6,CENTRAL MINEIRA,26,BOM DESPACHO
31,MINAS GERAIS,5,TRIANGULO MINEIRO/ALTO PARANAIBA,23,ARAXA
31,MINAS GERAIS,10,SUL/SUDOESTE DE MINAS,48,SAO SEBASTIAO DO PARAISO
31,MINAS GERAIS,9,OESTE DE MINAS,44,FORMIGA
31,MINAS GERAIS,1,NOROESTE DE MINAS,1,UNAI
31,MINAS GERAIS,12,ZONA DA MATA,64,UBA
31,MINAS GERAIS,4,VALE DO MUCURI,15,TEOFILO OTONI
31,MINAS GERAIS,6,CENTRAL MINEIRA,25,CURVELO
31,MINAS GERAIS,9,OESTE DE MINAS,42,PIUI
31,MINAS GERAIS,7,METROPOLITANA DE BELO HORIZONTE,30,BELO HORIZONTE
31,MINAS GERAIS,7,METROPOLITANA DE BELO HORIZONTE,32,ITAGUARA
31,MINAS GERAIS,10,SUL/SUDOESTE DE MINAS,50,VARGINHA
31,MINAS GERAIS,2,NORTE DE MINAS,9,BOCAIUVA
31,MINAS GERAIS,8,VALE DO RIO DOCE,40,CARATINGA
31,MINAS GERAIS,10,SUL/SUDOESTE DE MINAS,52,POUSO ALEGRE
31,MINAS GERAIS,9,OESTE DE MINAS,46,OLIVEIRA
31,MINAS GERAIS,2,NORTE DE MINAS,3,JANUARIA
31,MINAS GERAIS,2,NORTE DE MINAS,8,GRAO MOGOL
31,MINAS GERAIS,1,NOROESTE DE MINAS,2,PARACATU
31,MINAS GERAIS,2,NORTE DE MINAS,7,MONTES CLAROS
31,MINAS GERAIS,8,VALE DO RIO DOCE,35,GUANHAES
31,MINAS GERAIS,10,SUL/SUDOESTE DE MINAS,56,ITAJUBA
31,MINAS GERAIS,2,NORTE DE MINAS,6,PIRAPORA
31,MINAS GERAIS,10,SUL/SUDOESTE DE MINAS,53,SANTA RITA DO SAPUCAI
31,MINAS GERAIS,3,JEQUITINHONHA,13,PEDRA AZUL
31,MINAS GERAIS,5,TRIANGULO MINEIRO/ALTO PARANAIBA,17,ITUIUTABA
31,MINAS GERAIS,5,TRIANGULO MINEIRO/ALTO PARANAIBA,21,FRUTAL
31,MINAS GERAIS,9,OESTE DE MINAS,43,DIVINOPOLIS
31,MINAS GERAIS,11,CAMPO DAS VERTENTES,57,LAVRAS
31,MINAS GERAIS,7,METROPOLITANA DE BELO HORIZONTE,34,CONSELHEIRO LAFAIETE
31,MINAS GERAIS,2,NORTE DE MINAS,4,JANAUBA
31,MINAS GERAIS,8,VALE DO RIO DOCE,38,MANTENA
31,MINAS GERAIS,11,CAMPO DAS VERTENTES,58,SAO JOAO DEL REI
31,MINAS GERAIS,3,JEQUITINHONHA,10,DIAMANTINA
31,MINAS GERAIS,7,METROPOLITANA DE BELO HORIZONTE,33,OURO PRETO
31,MINAS GERAIS,7,METROPOLITANA DE BELO HORIZONTE,29,PARA DE MINAS
32,ESPIRITO SANTO,3,CENTRAL ESPIRITO-SANTENSE,7,AFONSO CLAUDIO
32,ESPIRITO SANTO,1,NOROESTE ESPIRITO-SANTENSE,1,BARRA DE SAO FRANCISCO
32,ESPIRITO SANTO,1,NOROESTE ESPIRITO-SANTENSE,2,NOVA VENECIA
32,ESPIRITO SANTO,4,SUL ESPIRITO-SANTENSE,11,ALEGRE
32,ESPIRITO SANTO,3,CENTRAL ESPIRITO-SANTENSE,10,GUARAPARI
32,ESPIRITO SANTO,1,NOROESTE ESPIRITO-SANTENSE,3,COLATINA
32,ESPIRITO SANTO,4,SUL ESPIRITO-SANTENSE,12,CACHOEIRO DE ITAPEMIRIM
32,ESPIRITO SANTO,2,LITORAL NORTE ESPIRITO-SANTENSE,6,LINHARES
32,ESPIRITO SANTO,3,CENTRAL ESPIRITO-SANTENSE,9,VITORIA
32,ESPIRITO SANTO,2,LITORAL NORTE ESPIRITO-SANTENSE,5,SAO MATEUS
32,ESPIRITO SANTO,3,CENTRAL ESPIRITO-SANTENSE,8,SANTA TERESA
32,ESPIRITO SANTO,4,SUL ESPIRITO-SANTENSE,13,ITAPEMIRIM
32,ESPIRITO SANTO,2,LITORAL NORTE ESPIRITO-SANTENSE,4,MONTANHA
33,RIO DE JANEIRO,5,SUL FLUMINENSE,13,BAIA DA ILHA GRANDE
33,RIO DE JANEIRO,1,NOROESTE FLUMINENSE,2,SANTO ANTONIO DE PADUA
33,RIO DE JANEIRO,4,BAIXADAS,10,LAGOS
33,RIO DE JANEIRO,3,CENTRO FLUMINENSE,5,TRES RIOS
33,RIO DE JANEIRO,5,SUL FLUMINENSE,12,BARRA DO PIRAI
33,RIO DE JANEIRO,5,SUL FLUMINENSE,11,VALE DO PARAIBA FLUMINENSE
33,RIO DE JANEIRO,6,METROPOLITANA DO RIO DE JANEIRO,18,RIO DE JANEIRO
33,RIO DE JANEIRO,3,CENTRO FLUMINENSE,7,NOVA FRIBURGO
33,RIO DE JANEIRO,1,NOROESTE FLUMINENSE,1,ITAPERUNA
33,RIO DE JANEIRO,6,METROPOLITANA DO RIO DE JANEIRO,16,MACACU-CACERIBU
33,RIO DE JANEIRO,2,NORTE FLUMINENSE,3,CAMPOS DOS GOYTACAZES
33,RIO DE JANEIRO,3,CENTRO FLUMINENSE,6,CANTAGALO-CORDEIRO
33,RIO DE JANEIRO,2,NORTE FLUMINENSE,4,MACAE
33,RIO DE JANEIRO,4,BAIXADAS,9,BACIA DE SAO JOAO
33,RIO DE JANEIRO,6,METROPOLITANA DO RIO DE JANEIRO,14,VASSOURAS
33,RIO DE JANEIRO,6,METROPOLITANA DO RIO DE JANEIRO,17,ITAGUAI
33,RIO DE JANEIRO,6,METROPOLITANA DO RIO DE JANEIRO,15,SERRANA
33,RIO DE JANEIRO,3,CENTRO FLUMINENSE,8,SANTA MARIA MADALENA
35,SAO PAULO,8,PRESIDENTE PRUDENTE,35,ADAMANTINA
35,SAO PAULO,1,SAO JOSE DO RIO PRETO,4,SAO JOSE DO RIO PRETO
35,SAO PAULO,7,CAMPINAS,29,PIRASSUNUNGA
35,SAO PAULO,7,CAMPINAS,30,SAO JOAO DA BOA VISTA
35,SAO PAULO,7,CAMPINAS,33,AMPARO
35,SAO PAULO,4,BAURU,22,AVARE
35,SAO PAULO,6,PIRACICABA,28,PIRACICABA
35,SAO PAULO,4,BAURU,20,BAURU
35,SAO PAULO,11,ITAPETININGA,42,ITAPETININGA
35,SAO PAULO,8,PRESIDENTE PRUDENTE,36,PRESIDENTE PRUDENTE
35,SAO PAULO,2,RIBEIRAO PRETO,15,BATATAIS
35,SAO PAULO,3,ARACATUBA,18,BIRIGUI
35,SAO PAULO,12,MACRO METROPOLITANA PAULISTA,46,SOROCABA
35,SAO PAULO,1,SAO JOSE DO RIO PRETO,3,VOTUPORANGA
35,SAO PAULO,9,MARILIA,38,MARILIA
35,SAO PAULO,7,CAMPINAS,32,CAMPINAS
35,SAO PAULO,5,ARARAQUARA,24,ARARAQUARA
35,SAO PAULO,5,ARARAQUARA,25,SAO CARLOS
35,SAO PAULO,3,ARACATUBA,16,ANDRADINA
35,SAO PAULO,4,BAURU,23,BOTUCATU
35,SAO PAULO,13,VALE DO PARAIBA PAULISTA,51,GUARATINGUETA
35,SAO PAULO,1,SAO JOSE DO RIO PRETO,1,JALES
35,SAO PAULO,11,ITAPETININGA,44,CAPAO BONITO
35,SAO PAULO,3,ARACATUBA,17,ARACATUBA
35,SAO PAULO,2,RIBEIRAO PRETO,11,ITUVERAVA
35,SAO PAULO,13,VALE DO PARAIBA PAULISTA,52,BANANAL
35,SAO PAULO,6,PIRACICABA,27,LIMEIRA
35,SAO PAULO,9,MARILIA,37,TUPA
35,SAO PAULO,1,SAO JOSE DO RIO PRETO,5,CATANDUVA
35,SAO PAULO,7,CAMPINAS,31,MOGI MIRIM
35,SAO PAULO,15,METROPOLITANA DE SAO PAULO,59,GUARULHOS
35,SAO PAULO,10,ASSIS,39,ASSIS
35,SAO PAULO,12,MACRO METROPOLITANA PAULISTA,48,BRAGANCA PAULISTA
35,SAO PAULO,1,SAO JOSE DO RIO PRETO,6,AURIFLAMA
35,SAO PAULO,11,ITAPETININGA,41,ITAPEVA
35,SAO PAULO,4,BAURU,21,JAU
35,SAO PAULO,14,LITORAL SUL PAULISTA,55,REGISTRO
35,SAO PAULO,2,RIBEIRAO PRETO,9,BARRETOS
35,SAO PAULO,2,RIBEIRAO PRETO,14,RIBEIRAO PRETO
35,SAO PAULO,15,METROPOLITANA DE SAO PAULO,57,OSASCO
35,SAO PAULO,2,RIBEIRAO PRETO,13,JABOTICABAL
35,SAO PAULO,10,ASSIS,40,OURINHOS
35,SAO PAULO,15,METROPOLITANA DE SAO PAULO,63,SANTOS
35,SAO PAULO,15,METROPOLITANA DE SAO PAULO,62,MOGI DAS CRUZES
35,SAO PAULO,11,ITAPETININGA,43,TATUI
35,SAO PAULO,6,PIRACICABA,26,RIO CLARO
35,SAO PAULO,13,VALE DO PARAIBA PAULISTA,50,SAO JOSE DOS CAMPOS
35,SAO PAULO,4,BAURU,19,LINS
35,SAO PAULO,15,METROPOLITANA DE SAO PAULO,58,FRANCO DA ROCHA
35,SAO PAULO,12,MACRO METROPOLITANA PAULISTA,47,JUNDIAI
35,SAO PAULO,13,VALE DO PARAIBA PAULISTA,49,CAMPOS DO JORDAO
35,SAO PAULO,13,VALE DO PARAIBA PAULISTA,54,CARAGUATATUBA
35,SAO PAULO,15,METROPOLITANA DE SAO PAULO,60,ITAPECERICA DA SERRA
35,SAO PAULO,2,RIBEIRAO PRETO,12,FRANCA
35,SAO PAULO,13,VALE DO PARAIBA PAULISTA,53,PARAIBUNA/PARAITINGA
35,SAO PAULO,15,METROPOLITANA DE SAO PAULO,61,SAO PAULO
35,SAO PAULO,8,PRESIDENTE PRUDENTE,34,DRACENA
35,SAO PAULO,1,SAO JOSE DO RIO PRETO,2,FERNANDOPOLIS
35,SAO PAULO,2,RIBEIRAO PRETO,10,SAO JOAQUIM DA BARRA
35,SAO PAULO,12,MACRO METROPOLITANA PAULISTA,45,PIEDADE
35,SAO PAULO,1,SAO JOSE DO RIO PRETO,8,NOVO HORIZONTE
35,SAO PAULO,14,LITORAL SUL PAULISTA,56,ITANHAEM
35,SAO PAULO,1,SAO JOSE DO RIO PRETO,7,NHANDEARA
41,PARANA,4,NORTE PIONEIRO PARANAENSE,15,CORNELIO PROCOPIO
41,PARANA,10,METROPOLITANA DE CURITIBA,35,CERRO AZUL
41,PARANA,10,METROPOLITANA DE CURITIBA,39,RIO NEGRO
41,PARANA,10,METROPOLITANA DE CURITIBA,37,CURITIBA
41,PARANA,2,CENTRO OCIDENTAL PARANAENSE,4,GOIOERE
41,PARANA,1,NOROESTE PARANAENSE,2,UMUARAMA
41,PARANA,1,NOROESTE PARANAENSE,1,PARANAVAI
41,PARANA,3,NORTE CENTRAL PARANAENSE,7,PORECATU
41,PARANA,7,SUDOESTE PARANAENSE,25,CAPANEMA
41,PARANA,6,OESTE PARANAENSE,23,CASCAVEL
41,PARANA,3,NORTE CENTRAL PARANAENSE,6,ASTORGA
41,PARANA,10,METROPOLITANA DE CURITIBA,38,PARANAGUA
41,PARANA,9,SUDESTE PARANAENSE,34,SAO MATEUS DO SUL
41,PARANA,3,NORTE CENTRAL PARANAENSE,10,APUCARANA
41,PARANA,5,CENTRO ORIENTAL PARANAENSE,20,JAGUARIAIVA
41,PARANA,3,NORTE CENTRAL PARANAENSE,13,IVAIPORA
41,PARANA,2,CENTRO OCIDENTAL PARANAENSE,5,CAMPO MOURAO
41,PARANA,4,NORTE PIONEIRO PARANAENSE,14,ASSAI
41,PARANA,6,OESTE PARANAENSE,22,TOLEDO
41,PARANA,4,NORTE PIONEIRO PARANAENSE,16,JACAREZINHO
41,PARANA,7,SUDOESTE PARANAENSE,26,FRANCISCO BELTRAO
41,PARANA,9,SUDESTE PARANAENSE,33,UNIAO DA VITORIA
41,PARANA,8,CENTRO-SUL PARANAENSE,28,PITANGA
41,PARANA,3,NORTE CENTRAL PARANAENSE,12,FAXINAL
41,PARANA,7,SUDOESTE PARANAENSE,27,PATO BRANCO
41,PARANA,3,NORTE CENTRAL PARANAENSE,11,LONDRINA
41,PARANA,8,CENTRO-SUL PARANAENSE,29,GUARAPUAVA
41,PARANA,5,CENTRO ORIENTAL PARANAENSE,21,PONTA GROSSA
41,PARANA,4,NORTE PIONEIRO PARANAENSE,18,WENCESLAU BRAZ
41,PARANA,6,OESTE PARANAENSE,24,FOZ DO IGUACU
41,PARANA,1,NOROESTE PARANAENSE,3,CIANORTE
41,PARANA,8,CENTRO-SUL PARANAENSE,30,PALMAS
41,PARANA,4,NORTE PIONEIRO PARANAENSE,17,IBAITI
41,PARANA,3,NORTE CENTRAL PARANAENSE,8,FLORAI
41,PARANA,9,SUDESTE PARANAENSE,31,PRUDENTOPOLIS
41,PARANA,5,CENTRO ORIENTAL PARANAENSE,19,TELEMACO BORBA
41,PARANA,9,SUDESTE PARANAENSE,32,IRATI
41,PARANA,10,METROPOLITANA DE CURITIBA,36,LAPA
41,PARANA,3,NORTE CENTRAL PARANAENSE,9,MARINGA
42,SANTA CATARINA,3,SERRANA,9,CURITIBANOS
42,SANTA CATARINA,1,OESTE CATARINENSE,3,XANXERE
42,SANTA CATARINA,4,VALE DO ITAJAI,14,ITUPORANGA
42,SANTA CATARINA,4,VALE DO ITAJAI,11,RIO DO SUL
42,SANTA CATARINA,1,OESTE CATARINENSE,4,JOACABA
42,SANTA CATARINA,1,OESTE CATARINENSE,2,CHAPECO
42,SANTA CATARINA,5,GRANDE FLORIANOPOLIS,17,TABULEIRO
42,SANTA CATARINA,1,OESTE CATARINENSE,5,CONCORDIA
42,SANTA CATARINA,1,OESTE CATARINENSE,1,SAO MIGUEL DO OESTE
42,SANTA CATARINA,5,GRANDE FLORIANOPOLIS,15,TIJUCAS
42,SANTA CATARINA,3,SERRANA,10,CAMPOS DE LAGES
42,SANTA CATARINA,5,GRANDE FLORIANOPOLIS,16,FLORIANOPOLIS
42,SANTA CATARINA,4,VALE DO ITAJAI,12,BLUMENAU
42,SANTA CATARINA,2,NORTE CATARINENSE,8,JOINVILLE
42,SANTA CATARINA,6,SUL CATARINENSE,20,ARARANGUA
42,SANTA CATARINA,6,SUL CATARINENSE,18,TUBARAO
42,SANTA CATARINA,4,VALE DO ITAJAI,13,ITAJAI
42,SANTA CATARINA,6,SUL CATARINENSE,19,CRICIUMA
42,SANTA CATARINA,2,NORTE CATARINENSE,6,CANOINHAS
42,SANTA CATARINA,2,NORTE CATARINENSE,7,SAO BENTO DO SUL
43,RIO GRANDE DO SUL,6,SUDOESTE RIO-GRANDENSE,31,CAMPANHA MERIDIONAL
43,RIO GRANDE DO SUL,1,NOROESTE RIO-GRANDENSE,10,PASSO FUNDO
43,RIO GRANDE DO SUL,3,CENTRO OCIDENTAL RIO-GRANDENSE,19,RESTINGA SECA
43,RIO GRANDE DO SUL,1,NOROESTE RIO-GRANDENSE,8,IJUI
43,RIO GRANDE DO SUL,1,NOROESTE RIO-GRANDENSE,1,SANTA ROSA
43,RIO GRANDE DO SUL,6,SUDOESTE RIO-GRANDENSE,29,CAMPANHA OCIDENTAL
43,RIO GRANDE DO SUL,1,NOROESTE RIO-GRANDENSE,9,CARAZINHO
43,RIO GRANDE DO SUL,1,NOROESTE RIO-GRANDENSE,3,FREDERICO WESTPHALEN
43,RIO GRANDE DO SUL,1,NOROESTE RIO-GRANDENSE,11,CRUZ ALTA
43,RIO GRANDE DO SUL,5,METROPOLITANA DE PORTO ALEGRE,23,MONTENEGRO
43,RIO GRANDE DO SUL,5,METROPOLITANA DE PORTO ALEGRE,26,PORTO ALEGRE
43,RIO GRANDE DO SUL,7,SUDESTE RIO-GRANDENSE,32,SERRAS DE SUDESTE
43,RIO GRANDE DO SUL,2,NORDESTE RIO-GRANDENSE,14,GUAPORE
43,RIO GRANDE DO SUL,2,NORDESTE RIO-GRANDENSE,16,CAXIAS DO SUL
43,RIO GRANDE DO SUL,5,METROPOLITANA DE PORTO ALEGRE,28,CAMAQUA
43,RIO GRANDE DO SUL,1,NOROESTE RIO-GRANDENSE,4,ERECHIM
43,RIO GRANDE DO SUL,4,CENTRO ORIENTAL RIO-GRANDENSE,21,LAJEADO-ESTRELA
43,RIO GRANDE DO SUL,7,SUDESTE RIO-GRANDENSE,33,PELOTAS
43,RIO GRANDE DO SUL,5,METROPOLITANA DE PORTO ALEGRE,27,OSORIO
43,RIO GRANDE DO SUL,4,CENTRO ORIENTAL RIO-GRANDENSE,20,SANTA CRUZ DO SUL
43,RIO GRANDE DO SUL,5,METROPOLITANA DE PORTO ALEGRE,25,SAO JERONIMO
43,RIO GRANDE DO SUL,7,SUDESTE RIO-GRANDENSE,34,JAGUARAO
43,RIO GRANDE DO SUL,1,NOROESTE RIO-GRANDENSE,2,TRES PASSOS
43,RIO GRANDE DO SUL,1,NOROESTE RIO-GRANDENSE,5,SANANDUVA
43,RIO GRANDE DO SUL,1,NOROESTE RIO-GRANDENSE,13,SOLEDADE
43,RIO GRANDE DO SUL,2,NORDESTE RIO-GRANDENSE,15,VACARIA
43,RIO GRANDE DO SUL,1,NOROESTE RIO-GRANDENSE,7,SANTO ANGELO
43,RIO GRANDE DO SUL,3,CENTRO OCIDENTAL RIO-GRANDENSE,18,SANTA MARIA
43,RIO GRANDE DO SUL,4,CENTRO ORIENTAL RIO-GRANDENSE,22,CACHOEIRA DO SUL
43,RIO GRANDE DO SUL,1,NOROESTE RIO-GRANDENSE,6,CERRO LARGO
43,RIO GRANDE DO SUL,5,METROPOLITANA DE PORTO ALEGRE,24,GRAMADO-CANELA
43,RIO GRANDE DO SUL,3,CENTRO OCIDENTAL RIO-GRANDENSE,17,SANTIAGO
43,RIO GRANDE DO SUL,7,SUDESTE RIO-GRANDENSE,35,LITORAL LAGUNAR
43,RIO GRANDE DO SUL,1,NOROESTE RIO-GRANDENSE,12,NAO-ME-TOQUE
43,RIO GRANDE DO SUL,6,SUDOESTE RIO-GRANDENSE,30,CAMPANHA CENTRAL
50,MATO GROSSO DO SUL,3,LESTE DE MATO GROSSO DO SUL,7,TRES LAGOAS
50,MATO GROSSO DO SUL,2,CENTRO NORTE DE MATO GROSSO DO SUL,3,ALTO TAQUARI
50,MATO GROSSO DO SUL,4,SUDOESTE DE MATO GROSSO DO SUL,10,DOURADOS
50,MATO GROSSO DO SUL,1,PANTANAIS SUL MATO-GROSSENSE,2,AQUIDAUANA
50,MATO GROSSO DO SUL,3,LESTE DE MATO GROSSO DO SUL,8,NOVA ANDRADINA
50,MATO GROSSO DO SUL,4,SUDOESTE DE MATO GROSSO DO SUL,11,IGUATEMI
50,MATO GROSSO DO SUL,3,LESTE DE MATO GROSSO DO SUL,6,PARANAIBA
50,MATO GROSSO DO SUL,2,CENTRO NORTE DE MATO GROSSO DO SUL,4,CAMPO GRANDE
50,MATO GROSSO DO SUL,4,SUDOESTE DE MATO GROSSO DO SUL,9,BODOQUENA
50,MATO GROSSO DO SUL,3,LESTE DE MATO GROSSO DO SUL,5,CASSILANDIA
50,MATO GROSSO DO SUL,1,PANTANAIS SUL MATO-GROSSENSE,1,BAIXO PANTANAL
51,MATO GROSSO,4,CENTRO-SUL MATO-GROSSENSE,16,ROSARIO OESTE
51,MATO GROSSO,2,NORDESTE MATO-GROSSENSE,10,CANARANA
51,MATO GROSSO,1,NORTE MATO-GROSSENSE,2,ALTA FLORESTA
51,MATO GROSSO,5,SUDESTE MATO-GROSSENSE,22,ALTO ARAGUAIA
51,MATO GROSSO,2,NORDESTE MATO-GROSSENSE,9,NORTE ARAGUAIA
51,MATO GROSSO,4,CENTRO-SUL MATO-GROSSENSE,15,ALTO PARAGUAI
51,MATO GROSSO,2,NORDESTE MATO-GROSSENSE,11,MEDIO ARAGUAIA
51,MATO GROSSO,5,SUDESTE MATO-GROSSENSE,20,TESOURO
51,MATO GROSSO,3,SUDOESTE MATO-GROSSENSE,14,JAURU
51,MATO GROSSO,1,NORTE MATO-GROSSENSE,1,ARIPUANA
51,MATO GROSSO,4,CENTRO-SUL MATO-GROSSENSE,18,ALTO PANTANAL
51,MATO GROSSO,3,SUDOESTE MATO-GROSSENSE,13,TANGARA DA SERRA
51,MATO GROSSO,1,NORTE MATO-GROSSENSE,4,PARECIS
51,MATO GROSSO,5,SUDESTE MATO-GROSSENSE,19,PRIMAVERA DO LESTE
51,MATO GROSSO,4,CENTRO-SUL MATO-GROSSENSE,17,CUIABA
51,MATO GROSSO,1,NORTE MATO-GROSSENSE,7,SINOP
51,MATO GROSSO,1,NORTE MATO-GROSSENSE,3,COLIDER
51,MATO GROSSO,3,SUDOESTE MATO-GROSSENSE,12,ALTO GUAPORE
51,MATO GROSSO,5,SUDESTE MATO-GROSSENSE,21,RONDONOPOLIS
51,MATO GROSSO,1,NORTE MATO-GROSSENSE,8,PARANATINGA
51,MATO GROSSO,1,NORTE MATO-GROSSENSE,6,ALTO TELES PIRES
51,MATO GROSSO,1,NORTE MATO-GROSSENSE,5,ARINOS
52,GOIAS,3,CENTRO GOIANO,10,GOIANIA
52,GOIAS,4,LESTE GOIANO,12,ENTORNO DE BRASILIA
52,GOIAS,5,SUL GOIANO,14,VALE DO RIO DOS BOIS
52,GOIAS,3,CENTRO GOIANO,9,ANICUNS
52,GOIAS,5,SUL GOIANO,15,MEIA PONTE
52,GOIAS,2,NORTE GOIANO,4,PORANGATU
52,GOIAS,2,NORTE GOIANO,5,CHAPADA DOS VEADEIROS
52,GOIAS,4,LESTE GOIANO,11,VAO DO PARANA
52,GOIAS,3,CENTRO GOIANO,8,IPORA
52,GOIAS,3,CENTRO GOIANO,7,ANAPOLIS
52,GOIAS,5,SUL GOIANO,17,CATALAO
52,GOIAS,5,SUL GOIANO,13,SUDOESTE DE GOIAS
52,GOIAS,1,NOROESTE GOIANO,3,ARAGARCAS
52,GOIAS,1,NOROESTE GOIANO,2,RIO VERMELHO
52,GOIAS,3,CENTRO GOIANO,6,CERES
52,GOIAS,5,SUL GOIANO,18,QUIRINOPOLIS
52,GOIAS,5,SUL GOIANO,16,PIRES DO RIO
52,GOIAS,1,NOROESTE GOIANO,1,SAO MIGUEL DO ARAGUAIA
53,DISTRITO FEDERAL,1,DISTRITO FEDERAL,1,BRASILIA
